,Altitude,Focal Length,Pixel Dimension,TL,5% Width,10% Width,15% Width,20% Width,25% Width,30% Width,35% Width,40% Width,45% Width,50% Width,55% Width,60% Width,65% Width,70% Width,75% Width,80% Width,85% Width,90% Width,95% Width,Drone_Model,Camera_Model,Foraging_Region,Alt_Method,Date,DOY,Year,Animal_ID
1,31.43083,3.61,0.00321354,10.14,0.96,1.20,1.39,1.52,1.90,1.98,2.04,2.03,1.89,1.84,1.74,1.47,1.32,1.05,0.75,0.51,0.38,0.50,1.30,Phantom 4 Std,Phantom 4 Std,Gulf of Maine,Barometric,8/17/21,229,2021,GOM_97
2,31.00207,3.61,0.00321354,12.20,1.09,1.58,1.77,1.88,2.15,2.17,2.33,2.43,2.50,2.33,2.21,1.99,1.60,1.30,0.88,0.63,0.46,0.63,2.11,Phantom 4 Std,Phantom 4 Std,Gulf of Maine,Barometric,8/17/21,229,2021,GOM_98
3,31.83572,3.61,0.00321354,12.20,1.05,1.58,1.78,1.86,2.21,2.22,2.34,2.42,2.55,2.51,2.42,2.16,1.89,1.52,1.19,0.87,0.63,0.76,2.72,Phantom 4 Std,Phantom 4 Std,Gulf of Maine,Barometric,8/29/21,241,2021,GOM_99
4,31.11726,3.61,0.00321354,12.77,1.00,1.44,1.64,1.76,2.16,2.24,2.51,2.53,2.45,2.46,2.38,2.14,1.78,1.42,1.04,0.74,0.54,0.54,2.39,Phantom 4 Std,Phantom 4 Std,Gulf of Maine,Barometric,8/29/21,241,2021,GOM_100
5,30.86876,3.61,0.00321354,11.90,1.00,1.36,1.57,1.67,2.15,2.24,2.23,2.31,2.38,2.30,2.15,1.99,1.61,1.31,0.99,0.74,0.37,0.43,2.56,Phantom 4 Std,Phantom 4 Std,Gulf of Maine,Barometric,8/29/21,241,2021,GOM_101
6,31.63309,3.61,0.00321354,13.05,1.21,1.73,1.80,2.26,2.38,2.42,2.57,2.56,2.50,2.32,2.08,1.95,1.65,1.49,1.19,0.88,0.62,0.57,2.18,Phantom 4 Std,Phantom 4 Std,Gulf of Maine,Barometric,8/29/21,241,2021,GOM_102
7,32.46882,3.61,0.00321354,13.42,1.07,1.67,1.89,2.16,2.45,2.67,2.72,2.93,3.03,3.02,2.85,2.27,1.94,1.57,1.17,0.87,0.61,0.76,3.00,Phantom 4 Std,Phantom 4 Std,Gulf of Maine,Barometric,8/29/21,241,2021,GOM_103
8,27.5,8.8,0.0033,8.07,0.66,0.98,1.13,1.26,1.36,1.49,1.53,1.48,1.4,1.34,1.25,1.12,0.94,0.77,0.61,0.34,0.23,0.38,1.79,Phantom 4 Pro,Phantom 4 Pro,New York Bight,Barometric,7/16/18,197,2018,NYB_104
9,31.6728338,8.8,0.0033,13.5,1.13,1.67,1.88,2.03,2.33,2.34,2.36,2.37,2.39,2.34,2.25,2.01,1.83,1.44,1.09,0.71,0.48,0.37,1.69,Phantom 4 Pro,Phantom 4 Pro,New York Bight,Laser,6/25/20,177,2020,NYB_105
10,24.6,8.8,0.0033,10.58,0.77,1.15,1.32,1.36,1.68,1.81,1.84,1.88,1.74,1.69,1.53,1.37,1.21,0.96,0.69,0.44,0.3,0.41,1.4,Phantom 4 Pro,Phantom 4 Pro,New York Bight,Barometric,8/6/18,218,2018,NYB_106
11,28.41090305,8.8,0.0033,14.47,1.12,1.69,1.96,2.05,2.44,2.62,2.52,2.61,2.76,2.82,2.61,2.41,1.96,1.57,1.28,0.95,0.66,0.57,1.95,Phantom 4 Pro,Phantom 4 Pro,New York Bight,Laser,6/8/20,160,2020,NYB_107
12,43.50515932,8.8,0.0033,13.66,1.1,1.66,1.85,2,2.21,2.45,2.58,2.67,2.6,2.42,2.22,1.87,1.69,1.33,0.94,0.72,0.49,0.29,1.62,Phantom 4 Pro,Phantom 4 Pro,New York Bight,Laser,6/27/19,178,2019,NYB_108
13,25,8.8,0.0033,10.87,0.88,1.15,1.32,1.4,1.69,1.89,1.98,2.02,2.02,1.97,1.9,1.67,1.4,1.13,0.92,0.67,0.41,0.39,1.58,Phantom 4 Pro,Phantom 4 Pro,New York Bight,Barometric,8/6/18,218,2018,NYB_109
14,25,8.8,0.0033,9.7,0.79,1.22,1.38,1.48,1.69,1.72,1.69,1.59,1.46,1.35,1.19,1,0.83,0.71,0.58,0.37,0.24,0.49,1.99,Phantom 4 Pro,Phantom 4 Pro,New York Bight,Barometric,8/6/18,218,2018,NYB_110
15,25,8.8,0.0033,9.88,0.85,1.18,1.33,1.4,1.69,1.73,1.78,1.82,1.84,1.8,1.65,1.45,1.15,0.83,0.57,0.35,0.27,0.62,1.86,Phantom 4 Pro,Phantom 4 Pro,New York Bight,Barometric,8/9/18,221,2018,NYB_111
16,25,8.8,0.0033,10.59,0.88,1.38,1.54,1.68,1.85,1.9,1.99,1.99,1.95,1.88,1.62,1.43,1.19,0.93,0.71,0.52,0.4,0.44,2.05,Phantom 4 Pro,Phantom 4 Pro,New York Bight,Barometric,8/24/18,236,2018,NYB_112
17,24.6,8.8,0.0033,12.25,0.95,1.4,1.56,1.66,2.15,2.17,2.18,2.16,2.17,2.11,1.97,1.79,1.44,1.18,0.95,0.66,0.43,0.39,1.51,Phantom 4 Pro,Phantom 4 Pro,New York Bight,Barometric,8/24/18,236,2018,NYB_113
18,24.5,8.8,0.0033,11.64,0.94,1.39,1.56,1.6,1.98,2.1,2.16,2.18,2.16,2.12,1.94,1.58,1.27,1.01,0.76,0.43,0.3,0.34,1.78,Phantom 4 Pro,Phantom 4 Pro,New York Bight,Barometric,8/24/18,236,2018,NYB_114
19,32.93704008,8.8,0.0033,10.24,0.83,1.22,1.37,1.41,1.75,1.83,1.8,1.82,1.75,1.64,1.57,1.45,1.27,1.02,0.72,0.52,0.37,0.35,1.25,Phantom 4 Pro,Phantom 4 Pro,New York Bight,Laser,6/12/19,163,2019,NYB_115
20,40.91016951,8.8,0.0033,9.17,0.66,1.05,1.16,1.2,1.5,1.55,1.56,1.57,1.58,1.55,1.41,1.31,1.11,0.79,0.55,0.31,0.2,0.44,1.6,Phantom 4 Pro,Phantom 4 Pro,New York Bight,Laser,6/12/19,163,2019,NYB_116
21,35.04128634,8.8,0.0033,13.85,1.09,1.6,1.83,1.93,2.32,2.41,2.64,2.69,2.7,2.53,2.4,2.19,1.88,1.48,1.2,0.89,0.63,0.42,2.22,Phantom 4 Pro,Phantom 4 Pro,New York Bight,Laser,6/28/19,179,2019,NYB_117
22,41.3250072,8.8,0.0033,13.43,1.08,1.69,1.98,2.08,2.56,2.63,2.65,2.73,2.8,2.7,2.55,2.32,1.91,1.39,0.96,0.67,0.46,0.71,2.71,Phantom 4 Pro,Phantom 4 Pro,New York Bight,Laser,6/27/19,178,2019,NYB_118
23,33.90634665,8.8,0.0033,12.7,1.09,1.54,1.8,1.98,2.39,2.44,2.44,2.47,2.52,2.45,2.29,2,1.67,1.27,1.05,0.69,0.46,0.74,2.67,Phantom 4 Pro,Phantom 4 Pro,New York Bight,Laser,6/27/19,178,2019,NYB_119
24,40.86166135,8.8,0.0033,12.31,0.86,1.44,1.68,1.69,2.06,2.17,2.28,2.22,2.22,2.06,2,1.83,1.53,1.23,0.96,0.63,0.45,0.66,2.13,Phantom 4 Pro,Phantom 4 Pro,New York Bight,Laser,6/27/19,178,2019,NYB_120
25,23.90667892,8.8,0.0033,9.25,0.79,1.13,1.31,1.35,1.63,1.69,1.7,1.73,1.74,1.7,1.66,1.52,1.27,0.98,0.8,0.55,0.33,0.37,1.81,Phantom 4 Pro,Phantom 4 Pro,New York Bight,Laser,6/28/19,179,2019,NYB_121
26,33.9617939,8.8,0.0033,12.23,1.1,1.59,1.8,1.94,2.34,2.26,2.27,2.28,2.27,2.2,1.91,1.65,1.38,1.09,0.76,0.49,0.34,0.58,2.27,Phantom 4 Pro,Phantom 4 Pro,New York Bight,Laser,6/28/19,179,2019,NYB_122
27,30.5216456,8.8,0.0033,8.3,0.71,1,1.08,1.18,1.4,1.45,1.46,1.45,1.38,1.34,1.28,1.16,0.95,0.78,0.61,0.44,0.3,0.34,1.67,Phantom 4 Pro,Phantom 4 Pro,New York Bight,Laser,6/27/19,178,2019,NYB_123
28,32.916173,8.8,0.0033,14.37,1.21,1.76,2.04,2.11,2.51,2.54,2.55,2.69,2.72,2.59,2.29,2.06,1.66,1.2,0.86,0.67,0.48,0.49,2.79,Phantom 4 Pro,Phantom 4 Pro,New York Bight,Laser,6/28/19,179,2019,NYB_124
29,33.9799542,8.8,0.0033,12.43,1.03,1.49,1.68,1.75,2.19,2.29,2.29,2.3,2.26,2.19,1.93,1.66,1.52,1.31,0.99,0.73,0.53,0.36,2.01,Phantom 4 Pro,Phantom 4 Pro,New York Bight,Laser,6/28/19,179,2019,NYB_125
30,33.1427533,8.8,0.0033,8.39,0.76,1,1.25,1.33,1.69,1.76,1.81,1.88,1.95,1.9,1.69,1.45,1.28,1.05,0.82,0.62,0.39,0.38,1.69,Phantom 4 Pro,Phantom 4 Pro,New York Bight,Laser,6/28/19,179,2019,NYB_126
31,36.49084733,8.8,0.0033,11.13,0.87,1.35,1.51,1.54,1.88,1.94,2.07,2.16,2.14,2.1,1.86,1.62,1.32,0.98,0.78,0.5,0.24,0.34,1.59,Phantom 4 Pro,Phantom 4 Pro,New York Bight,Laser,9/3/19,246,2019,NYB_127
32,38.33310138,8.8,0.0033,10.64,0.94,1.3,1.41,1.49,1.84,1.83,1.83,1.8,1.77,1.77,1.67,1.45,1.17,0.9,0.66,0.47,0.31,0.31,1.67,Phantom 4 Pro,Phantom 4 Pro,New York Bight,Laser,9/3/19,246,2019,NYB_128
33,34.51687639,8.8,0.0033,11.43,0.98,1.4,1.61,1.59,2.05,2.06,2.08,2.11,2.09,2.03,1.86,1.63,1.29,1.02,0.7,0.54,0.27,0.49,2.25,Phantom 4 Pro,Phantom 4 Pro,New York Bight,Laser,10/15/19,288,2019,NYB_129
34,27.9477683,8.8,0.0033,10.15,0.82,1.13,1.3,1.41,1.71,1.79,1.83,1.86,1.85,1.84,1.77,1.56,1.31,0.97,0.64,0.44,0.31,0.36,1.55,Phantom 4 Pro,Phantom 4 Pro,New York Bight,Laser,6/2/20,154,2020,NYB_130
35,25.91,8.8,0.0033,9.53,0.81,1.13,1.31,1.45,1.71,1.69,1.68,1.66,1.65,1.58,1.46,1.23,1.07,0.82,0.57,0.42,0.27,0.3,1.31,Phantom 4 Pro,Phantom 4 Pro,New York Bight,Laser,6/2/20,154,2020,NYB_131
36,26.76606869,8.8,0.0033,13.17,1.09,1.61,1.69,1.86,2.28,2.32,2.29,2.34,2.31,2.2,2.02,1.83,1.57,1.2,0.89,0.55,0.41,0.44,2.43,Phantom 4 Pro,Phantom 4 Pro,New York Bight,Laser,6/8/20,160,2020,NYB_132
37,30.0275924,8.8,0.0033,10.55,0.84,1.29,1.5,1.59,1.75,1.82,1.9,1.95,1.89,1.74,1.52,1.33,1.14,0.95,0.67,0.53,0.3,0.43,1.62,Phantom 4 Pro,Phantom 4 Pro,New York Bight,Laser,7/9/20,191,2020,NYB_133
38,28.92011288,8.8,0.0033,12.15,0.98,1.51,1.68,1.71,2.07,2.11,2.14,2.13,2.09,2.02,1.85,1.61,1.17,0.84,0.68,0.6,0.41,0.73,2.83,Phantom 4 Pro,Phantom 4 Pro,New York Bight,Laser,7/9/20,191,2020,NYB_134
39,35.7025816,8.8,0.0033,11.98,0.97,1.49,1.72,1.81,2.1,2.25,2.33,2.37,2.38,2.32,2.13,1.86,1.6,1.27,0.99,0.78,0.54,0.49,2.25,Phantom 4 Pro,Phantom 4 Pro,New York Bight,Laser,7/25/20,207,2020,NYB_135
40,31.00715613,8.8,0.0033,11,0.9,1.39,1.54,1.67,1.99,2.08,2.13,2.14,2.15,2.02,1.89,1.59,1.3,1,0.7,0.47,0.34,1.1,2.8,Phantom 4 Pro,Phantom 4 Pro,New York Bight,Laser,7/25/20,207,2020,NYB_136
41,33.82096073,8.8,0.0033,10.41,0.98,1.33,1.44,1.55,1.76,1.78,1.87,1.98,2,1.92,1.75,1.57,1.3,1.08,0.79,0.49,0.39,0.25,1.66,Phantom 4 Pro,Phantom 4 Pro,New York Bight,Laser,7/25/20,207,2020,NYB_137
42,32.16691314,8.8,0.0033,11.2,0.89,1.33,1.59,1.58,1.87,2.11,2.14,2.16,2.13,2.12,1.93,1.74,1.43,1.19,0.86,0.58,0.37,0.51,2.12,Phantom 4 Pro,Phantom 4 Pro,New York Bight,Laser,7/25/20,207,2020,NYB_138
43,31.2439608,8.8,0.0033,12.46,1.06,1.63,1.84,1.89,2.07,2.22,2.31,2.46,2.52,2.48,2.39,2.08,1.68,1.3,0.98,0.64,0.48,0.51,2.28,Phantom 4 Pro,Phantom 4 Pro,New York Bight,Laser,8/9/20,222,2020,NYB_139
44,30.7848021,8.8,0.0033,10.46,0.89,1.18,1.24,1.36,1.8,1.86,1.87,1.92,1.88,1.88,1.8,1.63,1.34,0.86,0.66,0.46,0.33,0.37,2.3,Phantom 4 Pro,Phantom 4 Pro,New York Bight,Laser,8/31/20,244,2020,NYB_140
45,28.82,8.8,0.0033,11.34,1.01,1.38,1.61,1.69,2.12,2.13,2.11,2.09,2.11,2.02,1.8,1.55,1.38,1.04,0.65,0.51,0.34,0.65,2.1,Phantom 4 Pro,Phantom 4 Pro,New York Bight,Laser,11/9/20,314,2020,NYB_141
46,28.74,8.8,0.0033,10.96,0.86,1.35,1.55,1.57,1.93,1.93,1.98,2.03,2.11,2.15,2,1.83,1.46,1.01,0.69,0.51,0.32,0.51,2.49,Phantom 4 Pro,Phantom 4 Pro,New York Bight,Laser,11/9/20,314,2020,NYB_142
47,28.22395452,8.8,0.0033,9.28,0.82,1.14,1.29,1.28,1.65,1.68,1.7,1.69,1.69,1.68,1.63,1.46,1.17,0.92,0.76,0.49,0.32,0.44,1.55,Phantom 4 Pro,Phantom 4 Pro,New York Bight,Laser,7/20/21,201,2021,NYB_143
48,28.50490401,8.8,0.0033,9.63,0.78,1.17,1.28,1.26,1.69,1.54,1.55,1.58,1.59,1.56,1.47,1.2,1,0.76,0.53,0.33,0.32,0.48,1.62,Phantom 4 Pro,Phantom 4 Pro,New York Bight,Laser,7/20/21,201,2021,NYB_144
49,27.46112082,8.8,0.0033,9.89,0.82,1.27,1.46,1.44,1.6,1.72,1.73,1.81,1.85,1.89,1.85,1.72,1.45,1.05,0.77,0.56,0.32,0.33,1.61,Phantom 4 Pro,Phantom 4 Pro,New York Bight,Laser,7/27/22,208,2022,NYB_145
50,29.59620652,8.8,0.0033,8.34,0.66,0.93,1.03,1.17,1.36,1.37,1.39,1.35,1.42,1.36,1.22,1.04,0.86,0.69,0.53,0.44,0.3,0.31,1.36,Phantom 4 Pro,Phantom 4 Pro,New York Bight,Laser,8/3/21,215,2021,NYB_146
51,29.650768,8.8,0.0033,8.73,0.68,1.11,1.25,1.25,1.49,1.47,1.51,1.57,1.62,1.61,1.54,1.45,1.2,0.9,0.62,0.48,0.32,0.32,1.71,Phantom 4 Pro,Phantom 4 Pro,New York Bight,Laser,8/3/21,215,2021,NYB_147
52,32.1137634,8.8,0.0033,9.8,0.76,1.16,1.34,1.4,1.69,1.83,1.85,1.83,1.82,1.75,1.58,1.38,1.24,1.02,0.83,0.55,0.41,0.42,1.88,Phantom 4 Pro,Phantom 4 Pro,New York Bight,Laser,8/19/22,231,2022,NYB_148
53,31.8724612,8.8,0.0033,9.44,0.83,1.19,1.32,1.43,1.73,1.77,1.79,1.81,1.84,1.83,1.68,1.48,1.21,0.92,0.69,0.5,0.39,0.4,1.63,Phantom 4 Pro,Phantom 4 Pro,New York Bight,Laser,8/4/21,216,2021,NYB_149
54,30.97782948,8.8,0.0033,9.95,0.82,1.21,1.29,1.36,1.71,1.69,1.71,1.76,1.82,1.83,1.67,1.44,1.09,0.84,0.61,0.48,0.42,0.47,1.66,Phantom 4 Pro,Phantom 4 Pro,New York Bight,Laser,8/25/21,237,2021,NYB_150
55,31.85958166,8.8,0.0033,9.18,0.78,1.09,1.25,1.34,1.56,1.61,1.66,1.74,1.76,1.77,1.59,1.36,1.08,0.76,0.58,0.34,0.23,0.39,2,Phantom 4 Pro,Phantom 4 Pro,New York Bight,Laser,8/25/21,237,2021,NYB_151
56,30.03814702,8.8,0.0033,9.37,0.85,1.15,1.28,1.37,1.68,1.67,1.62,1.59,1.61,1.64,1.58,1.49,1.15,0.84,0.64,0.39,0.25,0.4,1.68,Phantom 4 Pro,Phantom 4 Pro,New York Bight,Laser,9/14/21,257,2021,NYB_152
57,31.38809042,8.8,0.0033,10.51,0.93,1.32,1.49,1.5,1.83,1.93,1.95,1.97,1.94,1.88,1.68,1.41,1.14,0.87,0.61,0.41,0.33,0.58,1.94,Phantom 4 Pro,Phantom 4 Pro,New York Bight,Laser,10/7/21,280,2021,NYB_153
58,30.3030613,8.8,0.0033,10.36,0.91,1.29,1.41,1.43,1.8,1.8,1.88,1.87,1.81,1.74,1.62,1.52,1.28,1.07,0.78,0.51,0.33,0.35,1.8,Phantom 4 Pro,Phantom 4 Pro,New York Bight,Laser,5/12/21,132,2021,NYB_154
59,23.86339767,8.8,0.0033,9.29,0.72,1.13,1.32,1.36,1.52,1.59,1.58,1.57,1.6,1.59,1.37,1.16,0.98,0.74,0.61,0.45,0.28,0.32,1.46,Phantom 4 Pro,Phantom 4 Pro,New York Bight,Laser,10/7/21,280,2021,NYB_155
60,17.97328247,8.8,0.0033,9.2,0.76,1.13,1.32,1.35,1.57,1.66,1.71,1.71,1.8,1.82,1.71,1.58,1.29,1.03,0.73,0.5,0.35,0.32,1.58,Phantom 4 Pro,Phantom 4 Pro,New York Bight,Laser,7/27/22,208,2022,NYB_156
61,28.9783543,8.8,0.0033,8.8,0.82,1.17,1.27,1.3,1.53,1.56,1.57,1.62,1.67,1.62,1.53,1.36,1.07,0.79,0.56,0.44,0.33,0.42,1.54,Phantom 4 Pro,Phantom 4 Pro,New York Bight,Laser,10/15/21,288,2021,NYB_157
62,30.86861408,8.8,0.0033,13.45,1.11,1.63,1.9,1.97,2.42,2.43,2.49,2.56,2.54,2.49,2.25,1.95,1.59,1.2,0.84,0.48,0.35,0.38,3.06,Phantom 4 Pro,Phantom 4 Pro,New York Bight,Laser,6/29/22,180,2022,NYB_158
63,25.32643479,8.8,0.0033,11.88,0.83,1.26,1.49,1.61,1.87,2.06,2.13,2.2,2.22,2.18,1.97,1.79,1.55,1.29,0.99,0.65,0.47,0.5,2.48,Phantom 4 Pro,Phantom 4 Pro,New York Bight,Laser,6/29/22,180,2022,NYB_159
64,22.9047267,8.8,0.0033,9.3,0.76,1.09,1.22,1.28,1.64,1.57,1.59,1.68,1.73,1.71,1.63,1.43,1.13,0.78,0.55,0.41,0.31,0.3,1.32,Phantom 4 Pro,Phantom 4 Pro,New York Bight,Laser,8/19/22,231,2022,NYB_160
65,29.4814418,8.8,0.0033,9.17,0.8,1.13,1.23,1.33,1.62,1.65,1.69,1.69,1.55,1.51,1.4,1.24,1.02,0.78,0.57,0.44,0.31,0.31,1.77,Phantom 4 Pro,Phantom 4 Pro,New York Bight,Laser,8/19/22,231,2022,NYB_161
66,33.99273571,8.8,0.0033,11.79,0.87,1.38,1.52,1.62,2.17,2.19,2.24,2.2,2.21,2.15,1.93,1.65,1.35,1.14,0.98,0.66,0.42,0.41,1.72,Phantom 4 Pro,Phantom 4 Pro,New York Bight,Laser,10/6/22,279,2022,NYB_162
67,35.50612644,8.8,0.0033,10.41,0.87,1.26,1.46,1.68,1.78,1.91,1.95,1.99,2.03,1.96,1.78,1.51,1.22,0.89,0.7,0.52,0.28,0.34,1.63,Phantom 4 Pro,Phantom 4 Pro,New York Bight,Laser,10/6/22,279,2022,NYB_163
68,33.36936702,8.8,0.0033,13.71,1.04,1.63,1.83,1.93,2.4,2.43,2.53,2.64,2.59,2.52,2.15,1.77,1.55,1.19,0.91,0.59,0.43,0.54,2.16,Phantom 4 Pro,Phantom 4 Pro,New York Bight,Laser,10/6/22,279,2022,NYB_164
69,32.85,25,0.004505208,12.19,0.99,1.44,1.64,1.71,2.2,2.19,2.21,2.26,2.32,2.21,1.99,1.78,1.48,1.18,0.9,0.61,0.39,0.6,2.44,Matrice 200,Olympus,Greenland,Barometric,7/2/19,183,2019,Greenland_165
70,32.85,25,0.004505208,8.91,0.82,1.19,1.29,1.27,1.57,1.59,1.64,1.6,1.63,1.57,1.46,1.31,1.14,0.84,0.63,0.46,0.38,0.42,1.45,Matrice 200,Olympus,Greenland,Barometric,7/2/19,183,2019,Greenland_166
71,32.85,25,0.004505208,14.02,1.03,1.51,1.8,2.04,2.41,2.5,2.66,2.69,2.56,2.38,2.19,1.82,1.5,1.25,0.9,0.64,0.44,0.48,2.04,Matrice 200,Olympus,Greenland,Barometric,7/5/19,186,2019,Greenland_167
72,32.85,25,0.004505208,12.45,1.06,1.51,1.67,1.72,2.16,2.19,2.2,2.19,2.16,2.09,1.98,1.7,1.4,1.09,0.75,0.57,0.43,0.38,2.09,Matrice 200,Olympus,Greenland,Barometric,7/5/19,186,2019,Greenland_168
73,32.85,25,0.004505208,12.79,1.02,1.52,1.76,1.86,2.3,2.33,2.28,2.29,2.21,2.14,1.99,1.73,1.46,1.12,0.81,0.58,0.41,0.54,2.44,Matrice 200,Olympus,Greenland,Barometric,6/4/19,155,2019,Greenland_169
74,32.85,25,0.004505208,10.73,0.93,1.41,1.57,1.64,2.06,2.16,2.15,2.17,2.19,2.08,1.92,1.67,1.33,1.02,0.79,0.56,0.33,0.38,1.69,Matrice 200,Olympus,Greenland,Barometric,6/4/19,155,2019,Greenland_170
75,32.85,25,0.004505208,12.83,1.17,1.7,1.86,1.86,2.26,2.26,2.33,2.35,2.23,2.12,2.04,1.73,1.42,1.13,0.9,0.61,0.44,0.45,1.63,Matrice 200,Olympus,Greenland,Barometric,6/17/19,168,2019,Greenland_171
76,32.85,25,0.004505208,10.47,0.9,1.31,1.48,1.54,1.86,1.84,1.9,2,2.01,1.89,1.74,1.52,1.23,0.93,0.7,0.51,0.34,0.41,1.67,Matrice 200,Olympus,Greenland,Barometric,6/17/19,168,2019,Greenland_172
77,32.85,25,0.004505208,10.18,0.81,1.25,1.43,1.51,1.79,1.77,1.82,1.83,1.86,1.78,1.66,1.46,1.2,0.94,0.72,0.47,0.34,0.51,1.87,Matrice 200,Olympus,Greenland,Barometric,6/17/19,168,2019,Greenland_173
78,32.85,25,0.004505208,9.75,0.82,1.26,1.42,1.47,1.83,1.9,1.92,1.94,2,1.9,1.77,1.58,1.3,0.97,0.76,0.49,0.39,0.35,1.47,Matrice 200,Olympus,Greenland,Barometric,6/20/19,171,2019,Greenland_174
79,32.85,25,0.004505208,11.62,0.98,1.43,1.59,1.7,2.11,2.11,2.22,2.28,2.19,2.05,1.85,1.64,1.34,1.08,0.77,0.59,0.37,0.37,2.28,Matrice 200,Olympus,Greenland,Barometric,6/20/19,171,2019,Greenland_175
80,32.85,25,0.004505208,10.25,0.89,1.33,1.5,1.57,1.89,1.94,1.94,1.96,1.89,1.87,1.73,1.53,1.2,0.92,0.67,0.48,0.3,0.38,1.64,Matrice 200,Olympus,Greenland,Barometric,6/26/19,177,2019,Greenland_176
81,32.85,25,0.004505208,10.82,0.86,1.23,1.42,1.51,1.98,1.96,1.91,1.96,1.93,1.9,1.72,1.51,1.28,1.06,0.78,0.54,0.35,0.48,2.16,Matrice 200,Olympus,Greenland,Barometric,5/14/19,134,2019,Greenland_177
82,32.85,25,0.004505208,12.11,1.07,1.58,1.79,1.81,2.16,2.15,2.16,2.22,2.27,2.15,1.98,1.77,1.44,1.08,0.85,0.6,0.42,0.47,1.89,Matrice 200,Olympus,Greenland,Barometric,5/20/19,140,2019,Greenland_178
83,32.85,25,0.004505208,12.02,1.01,1.51,1.72,1.78,2.1,2.16,2.18,2.26,2.26,2.15,2,1.8,1.49,1.13,0.8,0.6,0.42,0.36,2.2,Matrice 200,Olympus,Greenland,Barometric,5/28/19,148,2019,Greenland_179
84,24.2950087,25,0.003737964,8.5,0.69,1.02,1.17,1.23,1.49,1.52,1.52,1.56,1.54,1.49,1.31,1.13,0.93,0.71,0.53,0.43,0.34,0.41,1.59,Inspire 1,Zemuse X5,Iceland,Barometric,8/2/21,214,2021,Iceland_1
85,27.8893532,25,0.003737964,9.33,0.71,1.08,1.2,1.33,1.59,1.62,1.64,1.62,1.6,1.53,1.33,1.14,0.98,0.75,0.56,0.39,0.32,0.42,1.73,Inspire 1,Zemuse X5,Iceland,Barometric,8/2/21,214,2021,Iceland_2
86,34.1430335,25,0.003737964,8.92,0.79,1.09,1.25,1.4,1.69,1.61,1.66,1.64,1.63,1.59,1.51,1.34,1.17,0.91,0.74,0.48,0.33,0.37,1.35,Inspire 1,Zemuse X5,Iceland,Barometric,8/4/21,216,2021,Iceland_3
87,34.1430335,25,0.003737964,9.33,0.92,1.28,1.49,1.5,1.84,1.9,1.92,1.94,1.8,1.75,1.56,1.36,1.14,0.87,0.65,0.5,0.38,0.47,1.73,Inspire 1,Zemuse X5,Iceland,Barometric,8/4/21,216,2021,Iceland_4
88,25.6240937,25,0.003737964,7.96,0.69,1.02,1.14,1.16,1.46,1.53,1.53,1.5,1.44,1.4,1.32,1.27,1.06,0.83,0.66,0.48,0.3,0.27,1.23,Inspire 1,Zemuse X5,Iceland,Barometric,8/4/21,216,2021,Iceland_5
89,22.7708791,25,0.003737964,9.35,0.79,1.2,1.4,1.55,1.74,1.72,1.75,1.72,1.75,1.68,1.58,1.47,1.24,0.95,0.66,0.59,0.43,0.3,1.58,Inspire 1,Zemuse X5,Iceland,Barometric,8/4/21,216,2021,Iceland_6
90,30.9991129,8.8,0.0033,8.11,0.7,0.96,1.07,1.06,1.46,1.52,1.53,1.46,1.39,1.33,1.25,1.15,1.07,0.86,0.69,0.43,0.27,0.3,1.47,Phantom 4 Pro,Phantom 4 Pro,Iceland,Barometric,8/11/21,223,2021,Iceland_180
91,29.3707199,25,0.003737964,9.48,0.79,1.19,1.35,1.42,1.62,1.69,1.72,1.75,1.75,1.69,1.6,1.46,1.23,1.01,0.7,0.48,0.38,0.31,1.54,Inspire 1,Zemuse X5,Iceland,Barometric,8/16/21,228,2021,Iceland_7
92,29.72755,25,0.003737964,9.67,0.87,1.18,1.33,1.36,1.64,1.67,1.73,1.73,1.69,1.72,1.59,1.47,1.25,1.03,0.75,0.53,0.39,0.36,1.46,Inspire 1,Zemuse X5,Iceland,Barometric,8/18/21,230,2021,Iceland_8
93,49.0103419,25,0.003737964,8.9,0.72,1.01,1.12,1.29,1.48,1.55,1.59,1.59,1.61,1.55,1.44,1.35,1.25,1.1,0.82,0.59,0.36,0.33,1.38,Inspire 1,Zemuse X5,Iceland,Barometric,9/16/21,259,2021,Iceland_9
94,33.2928358,25,0.003737964,9.95,0.76,1.02,1.15,1.27,1.66,1.67,1.71,1.72,1.8,1.75,1.65,1.46,1.25,0.89,0.66,0.48,0.34,0.35,1.57,Inspire 1,Zemuse X5,Iceland,Barometric,9/30/21,273,2021,Iceland_10
95,30.1976027,25,0.003737964,8.93,0.8,1.09,1.19,1.27,1.58,1.58,1.67,1.71,1.71,1.57,1.46,1.29,1.09,0.78,0.64,0.39,0.34,0.46,1.91,Inspire 1,Zemuse X5,Iceland,Barometric,9/30/21,273,2021,Iceland_11
96,15.7477587,8.8,0.0033,10.11,0.85,1.24,1.36,1.43,1.74,1.72,1.73,1.78,1.72,1.6,1.46,1.35,1.19,1.03,0.73,0.54,0.39,0.5,1.85,Phantom 4 Pro,Phantom 4 Pro,Iceland,Barometric,10/23/21,296,2021,Iceland_181
97,15.9613276,8.8,0.0033,10.7,0.77,1.29,1.43,1.42,1.77,1.81,1.9,1.86,1.88,1.84,1.78,1.58,1.42,1.09,0.83,0.55,0.42,0.58,2.01,Phantom 4 Pro,Phantom 4 Pro,Iceland,Barometric,10/23/21,296,2021,Iceland_182
98,22.6287154,8.8,0.0033,10.16,0.9,1.38,1.52,1.54,1.74,1.84,1.87,1.87,1.86,1.85,1.81,1.71,1.52,1.21,0.89,0.64,0.48,0.47,1.81,Phantom 4 Pro,Phantom 4 Pro,Iceland,Barometric,10/23/21,296,2021,Iceland_183
99,26.918106,8.8,0.0033,11.27,0.79,1.27,1.47,1.52,1.85,1.98,1.97,2.01,1.94,1.92,1.81,1.62,1.35,1.07,0.82,0.51,0.42,0.38,1.89,Phantom 4 Pro,Phantom 4 Pro,Iceland,Barometric,10/23/21,296,2021,Iceland_184
100,27.0486537,8.8,0.0033,10.85,0.95,1.39,1.49,1.6,1.92,2.05,1.9,1.92,1.77,1.74,1.66,1.49,1.36,1,0.75,0.55,0.39,0.65,2.32,Phantom 4 Pro,Phantom 4 Pro,Iceland,Barometric,10/23/21,296,2021,Iceland_185
101,41.9625389,25,0.003737964,11.32,0.93,1.37,1.55,1.66,1.94,2.02,1.99,1.97,1.94,1.9,1.78,1.49,1.22,0.93,0.65,0.48,0.32,0.42,1.98,Inspire 1,Zemuse X5,Iceland,Barometric,11/4/21,308,2021,Iceland_12
102,35.4229861,25,0.003737964,11.65,0.96,1.43,1.6,1.61,1.78,2.06,2.07,2.08,2.03,2,1.95,1.84,1.56,1.2,0.89,0.61,0.41,0.42,1.92,Inspire 1,Zemuse X5,Iceland,Barometric,11/16/21,320,2021,Iceland_13
103,19.40936926,3.61,0.001643646,9.78,0.86,1.25,1.41,1.41,1.72,1.73,1.81,1.76,1.73,1.64,1.55,1.34,1.09,0.86,0.74,0.58,0.34,0.36,1.49,Phantom 4 Std,Phantom 4 Std,Iceland,Laser,5/28/22,148,2022,Iceland_186
104,28.06536383,3.61,0.001643646,10.14,0.98,1.35,1.52,1.55,1.82,1.82,1.82,1.84,1.79,1.64,1.5,1.35,1.19,0.94,0.7,0.48,0.39,0.44,1.95,Phantom 4 Std,Phantom 4 Std,Iceland,Laser,5/28/22,148,2022,Iceland_187
105,32.1052395,8.8,0.0033,11.03,0.94,1.36,1.63,1.8,1.97,2.02,1.99,1.94,1.92,1.87,1.69,1.53,1.27,1.01,0.8,0.59,0.43,0.46,2.02,Phantom 4 Std,Phantom 4 Std,Iceland,Laser,6/4/22,155,2022,Iceland_188
106,26.73369052,3.61,0.001643646,9.78,0.79,1.21,1.4,1.41,1.71,1.66,1.58,1.56,1.52,1.41,1.26,1.14,0.96,0.81,0.61,0.45,0.27,0.35,1.44,Phantom 4 Std,Phantom 4 Std,Iceland,Laser,5/28/22,148,2022,Iceland_189
107,18.31992181,3.61,0.001643646,9.26,0.78,1.18,1.33,1.35,1.68,1.71,1.71,1.74,1.73,1.68,1.56,1.39,1.13,0.87,0.67,0.46,0.33,0.4,1.5,Phantom 4 Std,Phantom 4 Std,Iceland,Laser,5/29/22,149,2022,Iceland_190
108,17.1299037,3.61,0.00163,8.66,0.76,1.13,1.28,1.31,1.57,1.65,1.65,1.66,1.62,1.52,1.34,1.18,0.92,0.76,0.55,0.44,0.26,0.5,1.76,Phantom 4 Std,Phantom 4 Std,Iceland,Laser,5/29/22,149,2022,Iceland_191
109,32.49125185,8.8,0.0033,9.67,0.91,1.23,1.46,1.68,1.91,1.91,1.94,1.88,1.89,1.85,1.69,1.45,1.29,1.06,0.87,0.57,0.41,0.51,2.2,Phantom 4 Std,Phantom 4 Std,Iceland,Laser,6/4/22,155,2022,Iceland_192
110,18.23964712,3.61,0.001643646,9.63,0.76,1.14,1.29,1.34,1.71,1.78,1.79,1.79,1.73,1.72,1.63,1.44,1.18,0.9,0.72,0.53,0.32,0.35,1.7,Phantom 4 Std,Phantom 4 Std,Iceland,Laser,6/1/22,152,2022,Iceland_193
111,25.44923439,8.8,0.0033,10.36,0.93,1.34,1.56,1.56,1.92,1.98,2.06,2.03,1.95,1.84,1.7,1.47,1.27,1.08,0.79,0.61,0.32,0.52,1.85,Phantom 4 Pro,Phantom 4 Pro,Iceland,Laser,6/7/22,158,2022,Iceland_194
112,19.38922796,8.8,0.0033,10.13,0.79,1.17,1.33,1.42,1.82,1.87,1.87,1.85,1.84,1.74,1.62,1.43,1.18,0.87,0.64,0.42,0.25,0.38,1.72,Phantom 4 Pro,Phantom 4 Pro,Iceland,Laser,6/14/22,165,2022,Iceland_195
113,19.39892313,8.8,0.0033,8.06,0.59,0.83,0.92,1.03,1.37,1.48,1.46,1.48,1.51,1.53,1.47,1.34,1.07,0.93,0.73,0.54,0.39,0.39,1.52,Phantom 4 Pro,Phantom 4 Pro,Iceland,Laser,6/14/22,165,2022,Iceland_196
114,24.83756007,8.8,0.0033,8.87,0.9,1.28,1.37,1.47,1.75,1.77,1.72,1.73,1.76,1.7,1.72,1.6,1.46,1.02,0.79,0.6,0.5,0.62,1.6,Phantom 4 Pro,Phantom 4 Pro,Iceland,Laser,6/14/22,165,2022,Iceland_197
115,32.18423177,25,0.00450521,8.87,0.75,1.14,1.31,1.36,1.46,1.64,1.72,1.73,1.72,1.63,1.61,1.44,1.23,0.92,0.77,0.54,0.36,0.24,1,Inspire 2,Zemuse X5S,Iceland,Laser,7/9/22,190,2022,Iceland_14
116,33.24300333,25,0.00450521,8.96,0.7,1.08,1.19,1.29,1.51,1.54,1.52,1.52,1.48,1.36,1.16,1.02,0.86,0.73,0.57,0.36,0.32,0.5,1.89,Inspire 2,Zemuse X5S,Iceland,Laser,6/28/22,179,2022,Iceland_15
117,47.11593988,25,0.00450521,9.42,0.8,1.22,1.39,1.58,1.71,1.9,1.9,1.9,1.95,1.8,1.61,1.41,1.24,0.91,0.7,0.5,0.34,0.33,1.7,Inspire 2,Zemuse X5S,Iceland,Laser,7/1/22,182,2022,Iceland_16
118,38.16306427,25,0.00450521,8.64,0.76,1.2,1.47,1.53,1.6,1.65,1.73,1.71,1.57,1.5,1.29,1.12,0.95,0.9,0.74,0.53,0.42,0.39,1.41,Inspire 2,Zemuse X5S,Iceland,Laser,7/6/22,187,2022,Iceland_17
119,29.61576778,25,0.00450521,9.84,0.82,1.25,1.3,1.31,1.63,1.68,1.7,1.71,1.72,1.64,1.43,1.27,1,0.76,0.59,0.4,0.26,0.61,2.17,Inspire 2,Zemuse X5S,Iceland,Laser,7/9/22,190,2022,Iceland_18
120,33.81631466,25,0.00450521,8.81,0.69,1.1,1.27,1.34,1.63,1.64,1.58,1.61,1.59,1.57,1.46,1.25,1.05,0.85,0.69,0.49,0.32,0.36,1.44,Inspire 2,Zemuse X5S,Iceland,Laser,7/25/22,206,2022,Iceland_19
121,31.32144365,25,0.00450521,8.89,0.72,1.11,1.2,1.2,1.57,1.63,1.64,1.6,1.56,1.54,1.46,1.28,1.08,0.87,0.56,0.38,0.29,0.31,1.42,Inspire 2,Zemuse X5S,Iceland,Laser,7/18/22,199,2022,Iceland_20
122,25.48573729,25,0.00450521,8.14,0.74,1.01,1.04,1.21,1.38,1.41,1.41,1.39,1.43,1.39,1.15,0.96,0.86,0.71,0.58,0.37,0.31,0.34,1.39,Inspire 2,Zemuse X5S,Iceland,Laser,7/18/22,199,2022,Iceland_21
123,39.88137971,25,0.00450521,9.32,0.78,1.14,1.25,1.22,1.66,1.67,1.66,1.63,1.62,1.59,1.47,1.29,1.11,0.88,0.69,0.52,0.3,0.34,1.31,Inspire 2,Zemuse X5S,Iceland,Laser,7/21/22,202,2022,Iceland_22
124,35.83171567,25,0.00450521,11.61,0.92,1.42,1.7,1.72,2.01,2.08,2.05,2.05,1.99,1.86,1.68,1.46,1.27,1.03,0.8,0.51,0.32,0.56,2.21,Inspire 2,Zemuse X5S,Iceland,Laser,7/21/22,202,2022,Iceland_23
125,44.30453359,25,0.00450521,9.76,0.81,1.19,1.34,1.41,1.73,1.77,1.76,1.77,1.75,1.62,1.47,1.27,1.08,0.85,0.66,0.46,0.36,0.41,1.76,Inspire 2,Zemuse X5S,Iceland,Laser,7/25/22,206,2022,Iceland_24
126,31.33277867,25,0.00450521,9.87,0.78,1.21,1.35,1.36,1.68,1.71,1.76,1.75,1.76,1.7,1.59,1.42,1.16,0.89,0.75,0.49,0.36,0.34,1.46,Inspire 2,Zemuse X5S,Iceland,Laser,7/21/22,202,2022,Iceland_25
127,35.83771602,25,0.00450521,8.59,0.69,0.99,1.13,1.22,1.57,1.47,1.47,1.44,1.43,1.39,1.27,1.13,0.95,0.75,0.59,0.42,0.29,0.35,1.57,Inspire 2,Zemuse X5S,Iceland,Laser,7/25/22,206,2022,Iceland_26
128,29.79905071,25,0.00450521,9.25,0.78,1.04,1.19,1.24,1.63,1.7,1.72,1.67,1.62,1.49,1.34,1.16,0.92,0.73,0.58,0.36,0.27,0.33,1.74,Inspire 2,Zemuse X5S,Iceland,Laser,7/23/22,204,2022,Iceland_27
129,26.78476923,25,0.00450521,8.76,0.74,1,1.16,1.29,1.41,1.47,1.5,1.52,1.5,1.49,1.39,1.25,0.99,0.83,0.63,0.43,0.31,0.32,1.43,Inspire 2,Zemuse X5S,Iceland,Laser,7/23/22,204,2022,Iceland_28
130,40.26409853,25,0.00450521,8.94,0.82,0.99,1.25,1.41,1.54,1.58,1.56,1.58,1.52,1.41,1.18,1.05,0.69,0.55,0.44,0.4,0.26,0.41,1.35,Inspire 2,Zemuse X5S,Iceland,Laser,7/23/22,204,2022,Iceland_29
131,46.28477415,25,0.00450521,9.75,0.85,1.29,1.44,1.51,1.85,1.83,1.83,1.82,1.84,1.79,1.65,1.42,1.22,0.94,0.72,0.53,0.36,0.37,1.55,Inspire 2,Zemuse X5S,Iceland,Laser,7/25/22,206,2022,Iceland_30
132,33.1997325,25,0.00450521,10.34,0.83,1.28,1.45,1.41,1.77,1.8,1.86,1.91,1.89,1.81,1.58,1.41,1.21,0.92,0.67,0.44,0.34,0.35,1.57,Inspire 2,Zemuse X5S,Iceland,Laser,7/25/22,206,2022,Iceland_31
133,33.60606008,25,0.00450521,9.42,0.83,1.25,1.31,1.28,1.57,1.55,1.57,1.59,1.58,1.48,1.35,1.16,1,0.8,0.57,0.38,0.33,0.54,1.82,Inspire 2,Zemuse X5S,Iceland,Laser,7/25/22,206,2022,Iceland_32
134,33.65863056,25,0.00450521,8.64,0.79,1.09,1.24,1.27,1.52,1.54,1.56,1.59,1.52,1.46,1.31,1.19,0.98,0.8,0.58,0.42,0.31,0.4,1.54,Inspire 2,Zemuse X5S,Iceland,Laser,7/25/22,206,2022,Iceland_33
135,53.2764221,25,0.00450521,8.64,0.9,1.12,1.19,1.47,1.53,1.57,1.61,1.62,1.62,1.53,1.41,1.35,1.21,0.9,0.65,0.41,0.32,0.53,1.31,Inspire 2,Zemuse X5S,Iceland,Laser,7/26/22,207,2022,Iceland_34
136,30.76486892,25,0.00450521,8.94,0.72,1.08,1.21,1.3,1.57,1.63,1.66,1.65,1.61,1.51,1.32,1.16,0.97,0.85,0.67,0.57,0.38,0.52,2.01,Inspire 2,Zemuse X5S,Iceland,Laser,8/13/22,225,2022,Iceland_35
137,20.66863047,25,0.00450521,8.43,0.72,1,1.13,1.27,1.51,1.54,1.49,1.46,1.45,1.37,1.25,1.05,0.82,0.63,0.56,0.4,0.29,0.51,1.78,Inspire 2,Zemuse X5S,Iceland,Laser,9/18/22,261,2022,Iceland_36
138,28.73016545,25,0.00450521,10.25,0.81,1.27,1.44,1.45,1.79,1.86,1.87,1.91,1.88,1.87,1.79,1.6,1.39,1.11,0.86,0.59,0.37,0.37,1.47,Inspire 2,Zemuse X5S,Iceland,Laser,8/31/22,243,2022,Iceland_37
139,15.91341469,8.8,0.0033,11.3,0.88,1.36,1.56,1.62,2.04,2.08,2.12,2.02,1.92,1.82,1.58,1.32,1.12,0.94,0.7,0.44,0.32,0.44,2.06,Phantom 4 Pro,Phantom 4 Pro,Iceland,Laser,10/8/22,281,2022,Iceland_198
140,15.09553099,8.8,0.0033,10.72,0.78,1.2,1.34,1.38,1.72,1.76,1.82,1.86,1.86,1.72,1.58,1.34,1.2,0.92,0.78,0.54,0.4,0.42,1.98,Phantom 4 Pro,Phantom 4 Pro,Iceland,Laser,10/19/22,292,2022,Iceland_199
141,14.23549646,8.8,0.0033,9.64,0.7,1.1,1.32,1.4,1.68,1.72,1.7,1.66,1.64,1.54,1.36,1.22,1.04,0.82,0.68,0.44,0.32,0.36,1.52,Phantom 4 Pro,Phantom 4 Pro,Iceland,Laser,10/19/22,292,2022,Iceland_200
142,28.56734595,8.8,0.0033,10.64,0.94,1.36,1.49,1.49,1.74,1.91,1.98,1.94,1.93,1.85,1.68,1.41,1.24,0.95,0.69,0.45,0.34,0.39,1.66,Phantom 4 Pro,Phantom 4 Pro,Iceland,Laser,10/22/22,295,2022,Iceland_201
143,16.2072118,8.8,0.0033,10.98,0.87,1.35,1.45,1.6,2.09,2.08,2.06,2.05,1.99,1.89,1.79,1.54,1.21,0.91,0.69,0.44,0.41,0.51,1.47,Phantom 4 Pro,Phantom 4 Pro,Iceland,Laser,10/22/22,295,2022,Iceland_202
144,19.23877705,25,0.00450521,8.7,0.68,1,1.13,1.23,1.51,1.52,1.53,1.54,1.46,1.37,1.28,1.13,0.96,0.65,0.45,0.36,0.28,0.34,1.59,Inspire 2,Zemuse X5S,Iceland,Laser,10/27/22,300,2022,Iceland_38
145,31.8402678,25,0.00450521,10.4,0.94,1.33,1.46,1.55,1.89,1.88,1.97,1.96,2.04,1.99,1.79,1.57,1.31,1.09,0.81,0.62,0.39,0.43,1.85,Inspire 2,Zemuse X5S,Iceland,Laser,10/27/22,300,2022,Iceland_39
146,17.0147798,8.8,0.0033,10.13,0.89,1.14,1.23,1.26,1.68,1.66,1.67,1.67,1.67,1.57,1.38,1.21,1.03,0.81,0.64,0.4,0.29,0.4,1.71,Phantom 4 Pro,Phantom 4 Pro,Iceland,Laser,11/7/22,311,2022,Iceland_203
147,15.1844763,8.8,0.0033,9.06,0.77,1.07,1.19,1.28,1.56,1.54,1.58,1.65,1.63,1.56,1.37,1.24,1.03,0.91,0.73,0.54,0.38,0.33,1.2,Phantom 4 Pro,Phantom 4 Pro,Iceland,Laser,11/15/22,319,2022,Iceland_204
148,20.69330024,3.61,0.001643646,13.92,1.03,1.6,1.97,2.06,2.1,2.55,2.6,2.58,2.56,2.52,2.45,2.32,2.12,1.72,1.45,1.08,0.6,0.61,2.14,Phantom 4 Std,Phantom 4 Std,Iceland,Laser,5/28/22,148,2022,Iceland_205
149,27.44358422,8.8,0.0033,10.2,0.93,1.26,1.36,1.5,1.85,1.77,1.78,1.75,1.73,1.66,1.62,1.47,1.1,0.83,0.63,0.42,0.32,0.34,2.05,Phantom 4 Pro,Phantom 4 Pro,Iceland,Laser,9/18/21,261,2021,Iceland_206
150,21.48883269,8.8,0.0033,10.83,1.01,1.3,1.36,1.45,1.78,1.87,1.93,1.93,1.98,1.96,1.63,1.37,1.09,0.93,0.8,0.51,0.4,0.57,2.42,Phantom 4 Pro,Phantom 4 Pro,Iceland,Laser,9/18/21,261,2021,Iceland_207
151,26.61173357,8.8,0.0033,9.38,0.77,1.18,1.34,1.33,1.63,1.67,1.65,1.64,1.66,1.55,1.34,1.15,0.96,0.74,0.53,0.39,0.26,0.43,1.78,Phantom 4 Pro,Phantom 4 Pro,Iceland,Laser,9/18/21,261,2021,Iceland_208
152,28.10057394,8.8,0.0033,9.69,0.8,1.17,1.35,1.36,1.64,1.62,1.63,1.65,1.68,1.56,1.42,1.2,1.01,0.79,0.63,0.44,0.37,0.48,2.07,Phantom 4 Pro,Phantom 4 Pro,Iceland,Laser,8/10/21,222,2021,Iceland_209
153,32.0557785,8.8,0.0033,8.52,0.84,1,0.98,1.28,1.44,1.6,1.63,1.66,1.74,1.69,1.62,1.5,1.28,0.99,0.75,0.58,0.37,0.6,2.02,Phantom 4 Pro,Phantom 4 Pro,Iceland,Laser,8/31/21,243,2021,Iceland_210
154,40.9499263,8.8,0.0033,10.83,0.72,1.2,1.3,1.38,1.67,1.79,1.81,1.73,1.66,1.6,1.52,1.41,1.26,0.96,0.84,0.65,0.42,0.4,1.8,Phantom 4 Pro,Phantom 4 Pro,Iceland,Laser,9/5/21,248,2021,Iceland_211
155,27.32374325,8.8,0.0033,9.51,0.8,1.23,1.41,1.54,1.73,1.78,1.74,1.75,1.72,1.67,1.61,1.5,1.19,0.9,0.65,0.38,0.3,0.5,2.3,Phantom 4 Pro,Phantom 4 Pro,Iceland,Laser,9/6/21,249,2021,Iceland_212
156,20.72329071,8.8,0.0033,8.69,0.84,1.04,1.13,1.4,1.52,1.63,1.62,1.51,1.38,1.4,1.29,1.01,0.79,0.71,0.66,0.6,0.5,0.74,1.88,Phantom 4 Pro,Phantom 4 Pro,Iceland,Laser,7/11/21,192,2021,Iceland_213
157,18.36644452,8.8,0.0033,8.35,0.68,1.02,1.15,1.18,1.39,1.45,1.46,1.54,1.52,1.48,1.3,1.08,0.84,0.65,0.57,0.5,0.28,0.39,1.51,Phantom 4 Pro,Phantom 4 Pro,Iceland,Laser,7/13/21,194,2021,Iceland_214
158,18.52692661,8.8,0.0033,9.52,0.79,1.27,1.4,1.54,1.77,1.77,1.76,1.74,1.75,1.63,1.49,1.36,1.08,0.86,0.58,0.43,0.32,0.45,2.05,Phantom 4 Pro,Phantom 4 Pro,Iceland,Laser,7/30/21,211,2021,Iceland_215
159,17.37044854,8.8,0.0033,8.82,0.73,1.07,1.26,1.39,1.57,1.64,1.66,1.65,1.63,1.67,1.64,1.42,1.17,0.88,0.65,0.45,0.32,0.32,1.55,Phantom 4 Pro,Phantom 4 Pro,Iceland,Laser,7/31/21,212,2021,Iceland_216
160,19.7313378,8.8,0.0033,8.25,0.69,1.06,1.16,1.18,1.57,1.56,1.58,1.53,1.4,1.31,1.23,1.17,1.02,0.79,0.59,0.55,0.36,0.27,1.47,Phantom 4 Pro,Phantom 4 Pro,Iceland,Laser,8/13/21,225,2021,Iceland_217
161,16.32356994,8.8,0.0033,9.63,0.82,1.1,1.23,1.35,1.53,1.65,1.69,1.69,1.65,1.63,1.55,1.39,1.25,1.08,0.78,0.55,0.32,0.55,2.24,Phantom 4 Pro,Phantom 4 Pro,Iceland,Laser,8/18/21,230,2021,Iceland_218
162,32.93539563,8.8,0.0033,9.27,0.73,1.03,1.15,1.36,1.46,1.61,1.65,1.68,1.66,1.56,1.28,1.1,0.87,0.65,0.45,0.39,0.29,0.58,1.78,Phantom 4 Pro,Phantom 4 Pro,Iceland,Laser,8/1/21,213,2021,Iceland_219
163,14.77396742,8.8,0.0033,9.2,0.73,1.05,1.25,1.35,1.49,1.7,1.69,1.71,1.69,1.6,1.41,1.32,1.09,0.89,0.66,0.38,0.28,0.39,1.79,Phantom 4 Pro,Phantom 4 Pro,Iceland,Laser,8/2/21,214,2021,Iceland_220
164,24.35485821,8.8,0.0033,11.69,0.93,1.14,1.45,1.52,1.73,1.74,1.83,1.9,1.97,1.89,1.83,1.48,1.27,1.02,0.78,0.51,0.42,0.47,2.3,Phantom 4 Pro,Phantom 4 Pro,Iceland,Laser,8/4/21,216,2021,Iceland_221
165,41.11595576,8.8,0.0033,10.32,0.96,1.29,1.37,1.42,1.64,2.02,2.09,2.12,2.05,1.83,1.5,1.19,0.97,0.82,0.61,0.43,0.41,0.61,1.8,Phantom 4 Pro,Phantom 4 Pro,Iceland,Laser,8/4/21,216,2021,Iceland_222
166,26.18262667,8.8,0.0033,10.15,0.83,1.19,1.4,1.49,1.72,1.92,1.96,1.99,2.06,2.05,1.9,1.63,1.4,1.13,0.86,0.57,0.35,0.32,1.82,Phantom 4 Pro,Phantom 4 Pro,Iceland,Laser,8/4/21,216,2021,Iceland_223
167,25.77500334,8.8,0.0033,9.25,0.84,1.21,1.38,1.37,1.66,1.73,1.8,1.84,1.91,1.87,1.68,1.46,1.16,0.87,0.76,0.49,0.36,0.41,1.85,Phantom 4 Pro,Phantom 4 Pro,Iceland,Laser,8/4/21,216,2021,Iceland_224
168,24.77814602,8.8,0.0033,9.99,0.9,1.14,1.39,1.39,1.78,1.86,1.89,1.87,1.84,1.73,1.63,1.43,1.22,0.97,0.79,0.6,0.39,0.31,1.86,Phantom 4 Pro,Phantom 4 Pro,Iceland,Laser,8/4/21,216,2021,Iceland_225
169,30.82274664,8.8,0.0033,10.73,0.92,1.34,1.54,1.64,1.74,1.84,1.97,2.06,2.07,2,1.84,1.71,1.43,0.93,0.61,0.46,0.32,0.25,1.72,Phantom 4 Pro,Phantom 4 Pro,Iceland,Laser,8/4/21,216,2021,Iceland_226
170,31.40615089,8.8,0.0033,10.81,0.93,1.33,1.58,1.72,1.81,2.15,2.18,2.18,2.17,2.01,1.95,1.76,1.49,1.1,0.8,0.61,0.4,0.5,2.1,Phantom 4 Pro,Phantom 4 Pro,Iceland,Laser,8/4/21,216,2021,Iceland_227
171,23.11195576,8.8,0.0033,10.07,0.88,1.3,1.41,1.38,1.8,1.92,1.93,2.01,2.03,2.03,1.83,1.61,1.44,1.11,0.77,0.48,0.51,0.29,1.93,Phantom 4 Pro,Phantom 4 Pro,Iceland,Laser,8/4/21,216,2021,Iceland_228
172,30.83464246,8.8,0.0033,9.89,0.82,1.12,1.22,1.4,1.65,1.77,1.81,1.8,1.75,1.69,1.5,1.28,0.99,0.71,0.56,0.4,0.29,0.37,2.08,Phantom 4 Pro,Phantom 4 Pro,Iceland,Laser,8/5/21,217,2021,Iceland_229
173,28.79744701,8.8,0.0033,9.55,0.81,1.18,1.39,1.47,1.67,1.76,1.79,1.83,1.83,1.8,1.66,1.52,1.26,0.94,0.74,0.44,0.31,0.4,1.81,Phantom 4 Pro,Phantom 4 Pro,Iceland,Laser,8/5/21,217,2021,Iceland_230
174,19.73710823,8.8,0.0033,7.84,0.72,1.01,1.18,1.22,1.32,1.39,1.44,1.48,1.34,1.28,1.31,1.08,0.99,0.76,0.68,0.53,0.25,0.2,1.27,Phantom 4 Pro,Phantom 4 Pro,Iceland,Laser,8/31/21,243,2021,Iceland_231
175,15.6577446,8.8,0.0033,7.1,0.64,0.88,1.01,1.12,1.33,1.39,1.41,1.43,1.39,1.32,1.24,1.1,1,0.8,0.67,0.49,0.35,0.2,1.35,Phantom 4 Pro,Phantom 4 Pro,Iceland,Laser,8/31/21,243,2021,Iceland_232
176,23.36807502,8.8,0.0033,7.29,0.66,0.97,1.09,1.13,1.29,1.35,1.39,1.42,1.35,1.35,1.25,1.08,0.91,0.72,0.63,0.38,0.25,0.37,1.62,Phantom 4 Pro,Phantom 4 Pro,Iceland,Laser,8/31/21,243,2021,Iceland_233
177,21.1311939,12.3,0.00422,9.9,0.78,1.18,1.34,1.36,1.71,1.73,1.84,1.86,1.84,1.77,1.7,1.55,1.29,1.01,0.75,0.52,0.32,0.39,1.66,Mavic 3,Mavic 3,Iceland,Laser,9/6/22,249,2022,Iceland_40
178,15.63793442,12.3,0.00422,9.15,0.77,1.11,1.23,1.29,1.6,1.61,1.61,1.62,1.64,1.54,1.41,1.25,0.99,0.8,0.58,0.39,0.29,0.39,1.67,Mavic 3,Mavic 3,Iceland,Laser,9/6/22,249,2022,Iceland_41
179,17.9639085,12.3,0.00422,9.19,0.74,1.11,1.27,1.29,1.61,1.62,1.67,1.67,1.66,1.62,1.53,1.37,1.19,0.94,0.69,0.48,0.31,0.3,1.45,Mavic 3,Mavic 3,Iceland,Laser,9/6/22,249,2022,Iceland_42
180,18.38644165,12.3,0.00422,9.46,0.83,1.17,1.33,1.34,1.64,1.64,1.64,1.66,1.68,1.61,1.47,1.26,1.01,0.79,0.65,0.45,0.31,0.3,1.39,Mavic 3,Mavic 3,Iceland,Laser,9/6/22,249,2022,Iceland_43
181,15.77637933,12.3,0.00422,9.9,0.77,1.2,1.35,1.37,1.64,1.67,1.7,1.73,1.74,1.69,1.57,1.43,1.21,0.94,0.73,0.51,0.34,0.31,1.33,Mavic 3,Mavic 3,Iceland,Laser,9/6/22,249,2022,Iceland_44
182,15.49986355,12.3,0.00422,9.09,0.77,1.1,1.23,1.29,1.54,1.58,1.66,1.71,1.7,1.61,1.47,1.35,1.09,0.81,0.66,0.43,0.29,0.42,1.79,Mavic 3,Mavic 3,Iceland,Laser,9/6/22,249,2022,Iceland_45
183,23.24193066,12.3,0.00422,11.92,0.96,1.49,1.71,1.69,2.05,2.09,2.05,2.05,1.99,1.93,1.78,1.61,1.35,1.04,0.77,0.49,0.39,0.33,1.28,Mavic 3,Mavic 3,Iceland,Laser,9/14/22,257,2022,Iceland_46
184,17.23086716,12.3,0.00422,9.24,0.73,1.11,1.3,1.34,1.74,1.69,1.72,1.65,1.64,1.65,1.55,1.38,1.16,0.87,0.68,0.46,0.32,0.35,1.23,Mavic 3,Mavic 3,Iceland,Laser,8/15/22,227,2022,Iceland_47
185,21.68913875,12.3,0.00422,10.46,0.99,1.4,1.5,1.54,1.91,1.97,1.92,1.88,1.86,1.81,1.63,1.41,1.17,0.87,0.63,0.5,0.36,0.6,2.34,Mavic 3,Mavic 3,Iceland,Laser,8/15/22,227,2022,Iceland_48
186,14.24168481,12.3,0.00422,10.54,0.84,1.34,1.53,1.64,1.7,1.89,1.96,2.04,2.04,1.93,1.76,1.59,1.3,1.13,0.84,0.6,0.38,0.44,1.45,Mavic 3,Mavic 3,Iceland,Laser,8/15/22,227,2022,Iceland_49
187,15.30201693,12.3,0.00422,10.25,0.98,1.39,1.51,1.54,1.83,1.84,1.85,1.88,1.91,1.88,1.66,1.37,1.12,0.91,0.69,0.46,0.38,0.41,2.19,Mavic 3,Mavic 3,Iceland,Laser,8/15/22,227,2022,Iceland_50
188,16.62675913,12.3,0.00422,8.38,0.73,1.04,1.14,1.21,1.46,1.5,1.53,1.55,1.52,1.49,1.41,1.3,1.05,0.83,0.63,0.44,0.3,0.32,1.06,Mavic 3,Mavic 3,Iceland,Laser,8/15/22,227,2022,Iceland_51
189,12.28960391,12.3,0.00422,10.04,0.79,1.09,1.31,1.33,1.67,1.66,1.66,1.63,1.6,1.54,1.44,1.24,1.02,0.85,0.63,0.4,0.33,0.38,1.82,Mavic 3,Mavic 3,Iceland,Laser,8/15/22,227,2022,Iceland_52
190,14.83392594,12.3,0.00422,10.3,0.83,1.23,1.39,1.44,1.66,1.87,1.86,1.84,1.84,1.78,1.73,1.57,1.34,1.04,0.72,0.57,0.35,0.35,1.61,Mavic 3,Mavic 3,Iceland,Laser,8/15/22,227,2022,Iceland_53
191,18.52787431,12.3,0.00422,9.62,0.73,1.11,1.18,1.21,1.65,1.68,1.72,1.79,1.76,1.72,1.69,1.49,1.17,0.86,0.69,0.52,0.31,0.84,2.05,Mavic 3,Mavic 3,Iceland,Laser,8/15/22,227,2022,Iceland_54
192,15.66434217,12.3,0.00422,9.16,0.82,1.23,1.35,1.34,1.62,1.58,1.53,1.59,1.71,1.67,1.44,1.26,1.11,0.9,0.66,0.49,0.3,0.3,1.14,Mavic 3,Mavic 3,Iceland,Laser,8/16/22,228,2022,Iceland_55
193,14.55794211,12.3,0.00422,8.53,0.73,1.04,1.15,1.23,1.47,1.38,1.42,1.42,1.48,1.4,1.33,1.13,0.97,0.73,0.49,0.33,0.3,0.45,1.78,Mavic 3,Mavic 3,Iceland,Laser,8/16/22,228,2022,Iceland_56
194,16.07821059,12.3,0.00422,9.34,0.78,1.09,1.21,1.25,1.61,1.57,1.6,1.66,1.69,1.71,1.58,1.41,1.19,0.86,0.68,0.45,0.31,0.44,1.46,Mavic 3,Mavic 3,Iceland,Laser,8/18/22,230,2022,Iceland_57
195,17.68358054,12.3,0.00422,10.92,0.9,1.32,1.5,1.54,1.84,1.93,1.95,1.97,1.93,1.85,1.72,1.52,1.3,1.03,0.82,0.58,0.35,0.45,1.78,Mavic 3,Mavic 3,Iceland,Laser,8/27/22,239,2022,Iceland_58
196,11.06943291,12.3,0.00422,8.35,0.66,0.97,1.12,1.17,1.6,1.54,1.52,1.51,1.48,1.44,1.3,1.17,0.97,0.76,0.58,0.4,0.29,0.26,1.24,Mavic 3,Mavic 3,Iceland,Laser,8/27/22,239,2022,Iceland_59
197,12.46604284,12.3,0.00422,9.2,0.79,1.14,1.27,1.33,1.55,1.6,1.57,1.59,1.58,1.5,1.4,1.18,0.97,0.68,0.52,0.38,0.29,0.37,1.67,Mavic 3,Mavic 3,Iceland,Laser,9/3/22,246,2022,Iceland_60
198,16.68760082,12.3,0.00422,10.28,0.83,1.21,1.37,1.42,1.79,1.75,1.79,1.81,1.82,1.83,1.73,1.57,1.31,1,0.63,0.42,0.35,0.38,1.74,Mavic 3,Mavic 3,Iceland,Laser,9/4/22,247,2022,Iceland_61
199,18.37224607,12.3,0.00422,10.07,0.88,1.32,1.48,1.5,1.8,1.83,1.86,1.89,1.88,1.83,1.66,1.49,1.29,1.09,0.79,0.46,0.41,0.5,2.03,Mavic 3,Mavic 3,Iceland,Laser,9/5/22,248,2022,Iceland_62
200,14.1114553,12.3,0.00422,9.17,0.82,1.11,1.23,1.3,1.64,1.66,1.6,1.48,1.5,1.46,1.31,1.17,0.89,0.7,0.54,0.4,0.29,0.39,1.69,Mavic 3,Mavic 3,Iceland,Laser,9/13/22,256,2022,Iceland_63
201,25.64868126,12.3,0.00422,9.69,0.88,1.25,1.37,1.46,1.71,1.76,1.83,1.86,1.82,1.68,1.59,1.44,1.09,0.9,0.7,0.55,0.38,0.31,1.37,Mavic 3,Mavic 3,Iceland,Laser,9/15/22,258,2022,Iceland_64
202,23.08030976,12.3,0.00422,10.63,0.88,1.36,1.5,1.57,1.74,1.9,2.04,2.05,2.03,1.96,1.82,1.68,1.39,1.07,0.87,0.61,0.33,0.37,1.82,Mavic 3,Mavic 3,Iceland,Laser,9/15/22,258,2022,Iceland_65
203,23.29083915,12.3,0.00422,11.24,0.89,1.34,1.51,1.69,1.92,2.03,2.15,2.19,2.1,1.93,1.73,1.5,1.28,1,0.89,0.65,0.47,0.42,1.57,Mavic 3,Mavic 3,Iceland,Laser,9/15/22,258,2022,Iceland_66
204,23.06714108,12.3,0.00422,10.52,0.89,1.34,1.52,1.57,1.86,1.89,1.91,1.96,1.91,1.88,1.75,1.57,1.31,1.07,0.77,0.53,0.37,0.36,2,Mavic 3,Mavic 3,Iceland,Laser,9/15/22,258,2022,Iceland_67
205,22.88776877,12.3,0.00422,11.54,1,1.38,1.54,1.65,1.87,2.06,2.08,2.13,2.07,2.04,1.95,1.77,1.47,1.25,0.95,0.66,0.44,0.4,1.57,Mavic 3,Mavic 3,Iceland,Laser,9/15/22,258,2022,Iceland_68
206,22.726607,12.3,0.00422,11.52,0.95,1.45,1.66,1.71,1.81,2.07,2.14,2.24,2.23,2.17,2.01,1.82,1.56,1.23,0.92,0.67,0.43,0.52,1.85,Mavic 3,Mavic 3,Iceland,Laser,9/15/22,258,2022,Iceland_69
207,19.58240391,12.3,0.00422,10.66,0.81,1.14,1.28,1.39,1.74,1.79,1.88,1.87,1.88,1.86,1.79,1.65,1.4,1.12,0.85,0.66,0.41,0.34,1.82,Mavic 3,Mavic 3,Iceland,Laser,9/20/22,263,2022,Iceland_70
208,30.30376001,12.3,0.00422,11.52,0.97,1.29,1.41,1.47,1.87,2.07,2.09,2.14,2.06,1.86,1.67,1.49,1.23,0.94,0.69,0.53,0.48,0.6,1.88,Mavic 3,Mavic 3,Iceland,Laser,9/20/22,263,2022,Iceland_71
209,11.82569886,12.3,0.00422,8.87,0.67,1.09,1.23,1.3,1.5,1.57,1.58,1.59,1.6,1.58,1.45,1.32,1.16,0.93,0.71,0.51,0.31,0.44,1.54,Mavic 3,Mavic 3,Iceland,Laser,9/20/22,263,2022,Iceland_72
210,19.20520649,12.3,0.00422,11.33,0.91,1.34,1.53,1.61,1.92,1.92,1.99,1.94,1.94,1.88,1.77,1.59,1.37,1.13,0.87,0.61,0.41,0.37,1.25,Mavic 3,Mavic 3,Iceland,Laser,9/21/22,264,2022,Iceland_73
211,39.66786655,12.3,0.00422,8.51,0.79,1.12,1.2,1.29,1.49,1.58,1.55,1.62,1.62,1.55,1.42,1.22,0.92,0.61,0.49,0.32,0.37,0.61,1.79,Mavic 3,Mavic 3,Iceland,Laser,9/26/22,269,2022,Iceland_74
212,17.51299739,12.3,0.00422,10.09,0.8,1.23,1.38,1.4,1.75,1.74,1.68,1.7,1.7,1.61,1.51,1.43,1.2,0.89,0.69,0.52,0.42,0.32,1.76,Mavic 3,Mavic 3,Iceland,Laser,9/26/22,269,2022,Iceland_75
213,16.86126109,12.3,0.00422,11.41,0.95,1.41,1.55,1.64,2.01,2.05,2.01,1.94,1.91,1.82,1.63,1.27,1.17,1,0.76,0.56,0.49,0.91,2.66,Mavic 3,Mavic 3,Iceland,Laser,9/28/22,271,2022,Iceland_76
214,16.4352317,12.3,0.00422,10.37,0.81,1.19,1.34,1.42,1.74,1.77,1.83,1.87,1.77,1.69,1.59,1.4,1.19,0.89,0.65,0.43,0.32,0.46,1.83,Mavic 3,Mavic 3,Iceland,Laser,9/28/22,271,2022,Iceland_77
215,22.59224761,12.3,0.00422,11.71,0.95,1.39,1.58,1.71,2.04,2.14,2.22,2.21,2.2,2.12,1.96,1.74,1.57,1.19,0.91,0.63,0.42,0.43,2.14,Mavic 3,Mavic 3,Iceland,Laser,9/28/22,271,2022,Iceland_78
216,18.28992754,12.3,0.00422,10.04,0.87,1.24,1.38,1.42,1.72,1.78,1.89,1.91,1.96,1.95,1.79,1.56,1.33,0.98,0.73,0.47,0.32,0.54,1.96,Mavic 3,Mavic 3,Iceland,Laser,9/28/22,271,2022,Iceland_79
217,34.83103251,12.3,0.00422,10.68,0.98,1.41,1.58,1.63,2.02,2.06,2.06,2.05,2,1.97,1.8,1.65,1.43,1.18,0.95,0.71,0.42,0.4,1.89,Mavic 3,Mavic 3,Iceland,Laser,9/28/22,271,2022,Iceland_80
218,38.86492491,12.3,0.00422,10.83,0.93,1.35,1.54,1.58,2.02,2.09,2.09,2.13,2.05,2.03,1.85,1.54,1.3,1.07,0.7,0.49,0.34,0.42,2.34,Mavic 3,Mavic 3,Iceland,Laser,9/28/22,271,2022,Iceland_81
219,28.59358757,12.3,0.00422,8.94,0.82,1.12,1.18,1.47,1.63,1.79,1.81,1.86,1.82,1.84,1.79,1.61,1.33,1.15,0.81,0.58,0.45,0.63,1.75,Mavic 3,Mavic 3,Iceland,Laser,10/6/22,279,2022,Iceland_82
220,21.30675141,12.3,0.00422,10.56,0.87,1.2,1.32,1.41,1.77,1.81,1.87,1.98,1.97,1.94,1.83,1.72,1.48,1.32,1.09,0.82,0.48,0.39,1.56,Mavic 3,Mavic 3,Iceland,Laser,10/7/22,280,2022,Iceland_83
221,15.54978447,12.3,0.00422,8.34,0.76,1.05,1.19,1.26,1.34,1.55,1.59,1.67,1.66,1.58,1.39,1.18,0.92,0.77,0.55,0.39,0.29,0.48,1.47,Mavic 3,Mavic 3,Iceland,Laser,10/7/22,280,2022,Iceland_84
222,22.00873932,12.3,0.00422,11.34,0.92,1.32,1.5,1.57,1.81,2.16,2.14,2.16,2.16,2.19,2.1,1.87,1.54,1.21,1,0.78,0.5,0.42,1.9,Mavic 3,Mavic 3,Iceland,Laser,10/7/22,280,2022,Iceland_85
223,28.9627665,12.3,0.00422,11.15,0.98,1.34,1.55,1.6,1.83,1.91,1.95,1.98,1.91,1.88,1.82,1.65,1.42,1.1,0.9,0.68,0.53,0.54,2.47,Mavic 3,Mavic 3,Iceland,Laser,10/7/22,280,2022,Iceland_86
224,16.24634875,12.3,0.00422,11.2,0.87,1.29,1.43,1.55,1.78,1.92,1.97,1.97,1.98,1.88,1.71,1.51,1.21,0.9,0.67,0.48,0.32,0.64,2.13,Mavic 3,Mavic 3,Iceland,Laser,10/17/22,290,2022,Iceland_87
225,21.95704469,12.3,0.00422,10.53,0.94,1.36,1.54,1.49,1.74,1.87,1.89,1.88,1.83,1.73,1.61,1.4,1.19,0.96,0.76,0.54,0.35,0.36,1.27,Mavic 3,Mavic 3,Iceland,Laser,10/17/22,290,2022,Iceland_88
226,16.37285659,12.3,0.00422,6.96,0.56,0.88,0.97,1.03,1.19,1.31,1.3,1.31,1.31,1.24,1.13,1.05,0.82,0.67,0.46,0.36,0.26,0.24,1.21,Mavic 3,Mavic 3,Iceland,Laser,10/20/22,293,2022,Iceland_89
227,20.39993788,12.3,0.00422,10.55,0.89,1.32,1.54,1.56,1.78,1.89,1.94,1.97,1.94,1.88,1.73,1.59,1.4,1.15,0.9,0.63,0.45,0.44,1.82,Mavic 3,Mavic 3,Iceland,Laser,10/20/22,293,2022,Iceland_90
228,19.57830376,12.3,0.00422,11.52,0.96,1.41,1.65,1.7,2.02,2.09,2.12,2.17,2.15,2.07,1.89,1.68,1.41,1.13,0.83,0.59,0.38,0.5,1.92,Mavic 3,Mavic 3,Iceland,Laser,10/20/22,293,2022,Iceland_91
229,18.72777109,12.3,0.00422,10.33,0.81,1.18,1.35,1.4,1.69,1.75,1.72,1.83,1.81,1.81,1.68,1.56,1.37,1.16,0.83,0.61,0.38,0.36,1.75,Mavic 3,Mavic 3,Iceland,Laser,10/22/22,295,2022,Iceland_92
230,17.71302618,12.3,0.00422,11.19,0.96,1.4,1.6,1.63,1.91,2.08,2.16,2.14,2.1,2.03,1.91,1.71,1.42,1.08,0.81,0.52,0.38,0.43,1.81,Mavic 3,Mavic 3,Iceland,Laser,10/22/22,295,2022,Iceland_93
231,22.41126238,12.3,0.00422,10.15,0.87,1.23,1.37,1.4,1.58,1.79,1.89,1.94,1.9,1.88,1.81,1.72,1.49,1.2,0.99,0.77,0.43,0.29,1.8,Mavic 3,Mavic 3,Iceland,Laser,10/22/22,295,2022,Iceland_94
232,11.285869,12.3,0.00422,8.7,0.72,1.01,1.12,1.27,1.56,1.57,1.59,1.61,1.64,1.64,1.53,1.36,1.08,0.81,0.64,0.48,0.31,0.4,1.72,Mavic 3,Mavic 3,Iceland,Laser,10/22/22,295,2022,Iceland_95
233,17.28595102,12.3,0.00422,11.17,0.83,1.24,1.35,1.4,1.8,1.81,1.8,1.79,1.76,1.7,1.6,1.4,1.12,0.92,0.63,0.4,0.25,0.51,2.1,Mavic 3,Mavic 3,Iceland,Laser,10/23/22,296,2022,Iceland_96
234,52.84,25,0.00375434,12.44,0.98,1.48,1.62,1.81,2.28,2.41,2.53,2.62,2.62,2.57,2.28,2.08,1.73,1.41,0.99,0.63,0.4,0.41,2.47,Matrice 210,Olympus,Gulf of Maine,Laser,9/5/20,249,2020,GOM_234
235,20.93,25,0.00375434,11.78,0.99,1.41,1.63,1.7,2.21,2.38,2.46,2.58,2.59,2.57,2.47,2.18,1.87,1.62,1.31,0.91,0.59,0.31,1.61,Matrice 210,Olympus,Gulf of Maine,Laser,9/5/20,249,2020,GOM_235
236,52.43,25,0.00375434,12.98,1.13,1.46,1.73,1.86,2.2,2.27,2.43,2.54,2.51,2.38,2.21,1.98,1.68,1.31,0.86,0.46,0.33,0.78,2.99,Matrice 210,Olympus,Gulf of Maine,Laser,9/6/20,250,2020,GOM_236
237,49.19,25,0.00375434,12.21,0.94,1.42,1.55,1.76,2.1,2.23,2.27,2.36,2.31,2.28,2.19,2.02,1.67,1.27,0.94,0.68,0.51,0.41,1.71,Matrice 210,Olympus,Gulf of Maine,Laser,9/6/20,250,2020,GOM_237
238,30.26,25,0.00375434,11.62,0.96,1.4,1.57,1.57,2.13,2.22,2.28,2.3,2.3,2.31,2.22,2.11,1.61,1.29,0.92,0.67,0.29,0.51,2.4,Matrice 210,Olympus,Gulf of Maine,Laser,9/6/20,250,2020,GOM_238
239,33.91,25,0.00375434,13.05,1.04,1.63,1.86,2,2.39,2.41,2.44,2.5,2.59,2.58,2.42,2.26,1.94,1.46,1.05,0.72,0.46,0.55,2.57,Matrice 210,Olympus,Gulf of Maine,Laser,9/6/20,250,2020,GOM_239
240,23.9,25,0.00375434,12.55,1.04,1.54,1.88,1.95,2.18,2.21,2.33,2.38,2.29,2.19,2.08,1.83,1.6,1.35,1.1,0.72,0.48,0.44,1.68,Matrice 210,Olympus,Gulf of Maine,Laser,9/6/20,250,2020,GOM_240
241,51.02,25,0.00375434,12.71,1.04,1.56,1.76,1.92,2.33,2.3,2.22,2.31,2.34,2.26,2.2,1.88,1.59,1.31,0.99,0.64,0.46,0.77,3.08,Matrice 210,Olympus,Gulf of Maine,Laser,9/6/20,250,2020,GOM_241
242,43.72,25,0.00375434,12.41,1.03,1.51,1.65,1.94,2.27,2.32,2.45,2.64,2.77,2.67,2.55,2.28,1.83,1.5,0.96,0.69,0.51,0.44,1.85,Matrice 210,Olympus,Gulf of Maine,Laser,9/6/20,250,2020,GOM_242
243,43.38,25,0.00375434,12.58,1.07,1.45,1.7,1.86,2.37,2.56,2.74,2.84,2.98,2.78,2.51,2.31,1.89,1.39,0.98,0.7,0.52,0.45,1.73,Matrice 210,Olympus,Gulf of Maine,Laser,9/6/20,250,2020,GOM_243
244,38.59,25,0.00375434,12.57,0.97,1.43,1.57,1.66,2.32,2.29,2.41,2.46,2.49,2.36,2.17,1.94,1.59,1.22,0.97,0.68,0.45,0.35,2.04,Matrice 210,Olympus,Gulf of Maine,Laser,9/12/20,256,2020,GOM_244
245,37.52,25,0.00375434,12.16,0.97,1.51,1.74,1.83,2.13,2.13,2.2,2.27,2.35,2.43,2.5,2.15,1.82,1.53,1.16,0.73,0.47,0.38,1.52,Matrice 210,Olympus,Gulf of Maine,Laser,9/12/20,256,2020,GOM_245
246,29.92,25,0.00375434,12.07,1.05,1.57,1.71,1.73,2.08,2.15,2.37,2.49,2.62,2.55,2.18,1.85,1.53,1.11,0.78,0.52,0.39,0.39,2.01,Matrice 210,Olympus,Gulf of Maine,Laser,9/12/20,256,2020,GOM_246
247,31.21,25,0.00375434,12.16,1.03,1.53,1.8,1.93,2.26,2.33,2.41,2.36,2.33,2.27,2.15,1.89,1.62,1.3,0.84,0.56,0.38,0.49,2.11,Matrice 210,Olympus,Gulf of Maine,Laser,9/12/20,256,2020,GOM_247
248,46.11,25,0.00375434,11.92,0.89,1.42,1.57,1.63,2.05,2.15,2.28,2.28,2.19,2.09,2.05,1.9,1.57,1.27,0.9,0.62,0.39,0.5,2.02,Matrice 210,Olympus,Gulf of Maine,Laser,9/8/21,251,2021,GOM_248
249,107.54,25,0.00375434,12.59,0.98,1.46,1.81,1.86,2.1,2.25,2.31,2.31,2.44,2.36,2.27,2.07,1.78,1.32,1.03,0.66,0.53,0.6,2.73,Matrice 210,Olympus,Gulf of Maine,Laser,9/13/21,256,2021,GOM_249
250,96.09,25,0.00375434,15.09,1.29,1.81,2.05,2.1,2.7,2.84,2.93,2.9,2.75,2.6,2.39,2.09,1.75,1.39,1.05,0.73,0.56,0.63,3.12,Matrice 210,Olympus,Gulf of Maine,Laser,9/13/21,256,2021,GOM_250
251,53.6,25,0.00375434,12.53,1.11,1.44,1.48,1.65,2.36,2.33,2.31,2.33,2.21,2.15,2,1.73,1.56,1.26,0.95,0.68,0.49,0.53,1.85,Matrice 210,Olympus,Gulf of Maine,Laser,9/13/21,256,2021,GOM_251
252,39.1,25,0.00375434,12.79,0.98,1.45,1.71,1.76,2.36,2.37,2.39,2.47,2.49,2.43,2.19,1.98,1.77,1.32,1,0.78,0.54,0.32,1.96,Matrice 210,Olympus,Gulf of Maine,Laser,9/13/21,256,2021,GOM_252
253,33.68,25,0.00375434,14.22,1.29,1.89,2.13,2.27,2.79,2.73,2.67,2.87,2.98,2.95,2.84,2.56,2.21,1.72,1.27,0.79,0.47,0.49,1.83,Matrice 210,Olympus,Gulf of Maine,Laser,9/3/22,246,2022,GOM_253
254,77.24,25,0.00375434,11.93,0.96,1.2,1.49,1.99,2.15,2.23,2.32,2.47,2.5,2.52,2.49,2.36,1.96,1.46,1.07,0.8,0.63,0.53,2.07,Matrice 210,Olympus,Gulf of Maine,Laser,9/12/22,255,2022,GOM_254
255,36.89,25,0.00375434,10.44,1,1.24,1.38,1.54,1.87,1.91,2.05,2.05,2.04,2,1.92,1.73,1.59,1.36,1.15,0.84,0.52,0.4,2.03,Matrice 210,Olympus,Gulf of Maine,Laser,9/21/22,264,2022,GOM_255
256,48.63,25,0.00375434,11.96,1.25,1.35,1.42,1.51,2.25,2.17,2.14,2.15,2.15,2.08,1.97,1.67,1.36,1.14,0.91,0.78,0.67,0.85,2.65,Matrice 210,Olympus,Gulf of Maine,Laser,9/21/22,264,2022,GOM_256